Document Name,Attribute,Title,Expectations
Product Development All Titles,Business needs,SENIOR MANAGER,Drives the strategic vision of the product roadmap ensuring alignment with broader business goals.
Product Development All Titles,Business needs,SENIOR MANAGER,Collaborates with cross-functional teams to identify and prioritize opportunities for innovation and growth.
Product Development All Titles,Business needs,SENIOR MANAGER,Manages product lifecycle from ideation to retirement ensuring consistent value delivery to customers and stakeholders.
Product Development All Titles,Business needs,SENIOR MANAGER,Analyzes competitive market trends to influence product strategy and positioning.
Product Development All Titles,Leadership,SENIOR MANAGER,Provides clear direction and motivation to team members fostering accountability and ownership.
Product Development All Titles,Leadership,SENIOR MANAGER,Coaches and mentors team members to develop their skills and achieve career growth.
Product Development All Titles,Leadership,SENIOR MANAGER,Demonstrates resilience and adaptability when faced with challenges or ambiguity.
Product Development All Titles,Leadership,SENIOR MANAGER,Fosters a collaborative and inclusive culture that encourages diverse perspectives.
Product Development All Titles,Leadership,SENIOR MANAGER,Sets realistic goals and expectations ensuring alignment with organizational priorities.
Product Development All Titles,Leadership,SENIOR MANAGER,Effectively communicates complex product strategies to executives partners and technical teams.
Product Development All Titles,Strive to excel,SENIOR MANAGER,Continuously seeks feedback to refine product processes and improve outcomes.
Product Development All Titles,Strive to excel,SENIOR MANAGER,Leverages data analytics to drive decision-making and identify opportunities for optimization.
Product Development All Titles,Strive to excel,SENIOR MANAGER,Maintains a high standard of quality by rigorously testing and validating product ideas before implementation.
Product Development All Titles,Strive to excel,SENIOR MANAGER,Recognized as a thought leader within the organization and industry contributing to white papers or panels.
Product Development All Titles,Strive to excel,SENIOR MANAGER,Assumes ownership for the success of key product initiatives and their impact on business objectives.
Product Development All Titles,Delivery to the firm,SENIOR MANAGER,Aligns product development efforts with operational and technical constraints to ensure on-time delivery.
Product Development All Titles,Delivery to the firm,SENIOR MANAGER,Proactively manages stakeholder expectations and fosters alignment through transparent communication.
Product Development All Titles,Delivery to the firm,SENIOR MANAGER,Ensures product compliance with regulatory standards and organizational policies.
Product Development All Titles,Delivery to the firm,SENIOR MANAGER,Drives continuous improvement in development methodologies and team practices.
Product Development All Titles,Challenge the status quo,SENIOR MANAGER,Advocates for bold ideas that challenge traditional approaches to solving customer pain points.
Product Development All Titles,Challenge the status quo,SENIOR MANAGER,Encourages the team to experiment with new tools and techniques to improve efficiency.
Product Development All Titles,Challenge the status quo,SENIOR MANAGER,Leverages lessons learned from past projects to inform and refine future strategies.
Product Development All Titles,Challenge the status quo,SENIOR MANAGER,Anticipates risks in product development and implements preemptive mitigation strategies.
Product Development All Titles,Leverage diverse perspective,SENIOR MANAGER,Ensures team composition reflects diverse skills and backgrounds to promote innovative problem-solving.
Product Development All Titles,Leverage diverse perspective,SENIOR MANAGER,Builds partnerships across global teams to leverage varied experiences and insights.
Product Development All Titles,Leverage diverse perspective,SENIOR MANAGER,Encourages open dialogue to explore different viewpoints and foster better decision-making.
Product Development All Titles,Leverage diverse perspective,SENIOR MANAGER,Establishes mentorship programs to support underrepresented groups in the team.
