subject,level,job_title,function_code,question,summary,start_timestamp,end_timestamp,duration
Jane Doe,Level 4,Senior Analyst,IR,question1,"Jane's dedication and drive have truly paid off, especially with her leadership in the recent project that boosted sales by 20%. Her commitment to exceeding expectations and her relentless pursuit of success are evident in these impressive results.",2024-10-14 14:52:07.845,2024-10-14 14:52:12.198,4.352502
,,,,question2,"Jane is a driven and proactive team member who consistently strives for personal and professional growth. Her eagerness to learn and her high standards push her to seek new opportunities and challenges within the firm. By encouraging creativity and focus among her teammates, she fosters an environment of innovation and productivity. Despite the complexity of managing multiple priorities, Jane excels in balancing them effectively. Her dedication to continuous feedback and self-improvement highlights her commitment to excellence.",2024-10-14 14:52:12.208,2024-10-14 14:52:14.467,2.259324
,,,,question3,"To help Jane become a more confident and successful leader, she might consider focusing on a few key areas:

1. **Public Speaking Courses**: Enrolling in courses or workshops can enhance her presentation skills.

2. **Practice**: Regularly speaking in front of small groups can build her confidence.

3. **Feedback**: Seeking constructive feedback can help her identify areas for improvement.

4. **Mentorship**: Finding a mentor who excels in public speaking could provide guidance and support.

5. **Mindfulness Techniques**: Practices like deep breathing or visualization can reduce anxiety before presentations.

By working on these areas, Jane will likely see improvement in her ability to communicate effectively and lead confidently.",2024-10-14 14:52:14.468,2024-10-14 14:52:17.131,2.662608
,,,,question4,"To prepare Jane for a leadership role, she should focus on developing the following skills:

1. **Strategic Thinking**: Encourage her to participate in strategic planning sessions and workshops. She can also study case studies or industry trends to enhance her ability to see the big picture.

2. **Problem Solving**: Engage with team members across different departments to understand diverse perspectives and collaborative problem-solving techniques.

3. **Networking**: Facilitate opportunities for Jane to connect with colleagues from various teams within CustomerOrg, such as cross-functional meetings or team-building activities.

4. **Communication Skills**: Encourage her to practice clear and effective communication, both in writing and verbally, by leading meetings or presenting ideas.

5. **Decision Making**: Provide her",2024-10-14 14:52:17.131,2024-10-14 14:52:20.367,3.236233
John Smith,Level 3,Assistant Managing Director,CS,question1,"That's impressive! It sounds like John is doing an excellent job. If you're considering ways to acknowledge his achievements, you might think about offering recognition through a bonus, promotion, or other incentives. Celebrating his success can help maintain motivation and encourage continued high performance. Do you have any specific plans in mind for recognizing his contributions?",2024-10-14 14:52:20.368,2024-10-14 14:52:21.815,1.446585
,,,,question2,John truly exemplifies CustomerOrg's values by consistently prioritizing the customer and fostering a spirit of teamwork. His dedication to these principles not only enhances customer satisfaction but also strengthens team dynamics.,2024-10-14 14:52:21.815,2024-10-14 14:52:23.029,1.214564
,,,,question3,"It sounds like John could enhance his project management skills for managing larger accounts. Here are a few steps he might consider:

1. **Training and Certification**: Enroll in courses or pursue certifications like PMP (Project Management Professional) to strengthen foundational knowledge.

2. **Mentorship**: Seek guidance from experienced project managers who can offer insights and advice.

3. **Tools and Software**: Familiarize himself with project management tools such as Asana, Trello, or Microsoft Project to streamline processes.

4. **Time Management**: Improve time management skills to prioritize tasks effectively.

5. **Communication Skills**: Enhance communication to ensure clear and consistent updates with team members and stakeholders.

6. **Risk Management**: Learn to identify potential risks",2024-10-14 14:52:23.029,2024-10-14 14:52:29.178,6.148652
,,,,question4,"To help John move to the next level, here are some strategies he can consider:

1. **Strategic Thinking:**
   - **Understand the Big Picture:** Encourage John to regularly review industry trends and market dynamics to align his work with organizational goals.
   - **Scenario Planning:** Practice envisioning different future scenarios and develop plans for each.
   - **Data-Driven Decisions:** Use analytics and metrics to inform strategic choices.

2. **Leadership Skills:**
   - **Effective Communication:** Foster clear and persuasive communication, both in writing and speaking.
   - **Empowerment and Delegation:** Learn to delegate tasks effectively while empowering team members.
   - **Emotional Intelligence:** Enhance self-awareness, empathy, and relationship management skills.

3",2024-10-14 14:52:29.178,2024-10-14 14:52:32.291,3.112917
