subject,level,job_title,function_code,manager,emp_id,question,feedback_summary,expectation_summary,start_timestamp,end_timestamp,duration
Alex Kim,Level 1,Assistant,GPE,Saqib,106.0,question1,"Alex has consistently demonstrated exceptional skills in organization and attention to detail, which have been instrumental in streamlining the filing system and improving document accessibility (1), (3), (8), (12). His proactive approach has significantly reduced time spent searching for documents and has contributed to the team's compliance efforts. Alex's ability to manage logistics during company events and handle complex scheduling tasks has prevented issues and reduced conflicts, showcasing his foresight and efficiency (2), (4). His diligence in recording data accurately has been crucial in maintaining error-free reporting (5), (10). Additionally, Alex's leadership in task management and resource organization has relieved team pressure, making him a trusted support within the team (6), (9). He excels at creating user-friendly documentation, greatly aiding onboarding processes for new members (7). However, while his organizational strengths are evident, potential areas of improvement could include expanding his leadership roles or exploring strategic decision-making opportunities to further enhance team dynamics. Overall, Alex's contributions have been invaluable across multiple projects, ensuring deadlines are met with precision and supporting colleagues effectively (11), (12).","**Business Needs:**

Alex consistently completes assigned tasks with precision, contributing significant administrative value by streamlining the filing system and organizing shared resources. His dedication to day-to-day tasks, such as document organization and record-keeping, has greatly benefited team compliance efforts. To further enhance impact, exploring more strategic input could be beneficial.

**Leadership:**

Alex effectively collaborates with his manager to identify and remove barriers, ensuring seamless teamwork by managing logistics during events and anticipating potential issues. He consistently meets deadlines and provides proactive support to team members, though he could enhance his leadership by more actively voicing his perspectives in group settings.

**Strive to Excel:**

Alex is highly responsive and dependable, meeting all deadlines while maintaining confidentiality of sensitive information. He proactively seeks additional responsibilities, expanding his skills beyond comfort zones, yet continued focus on targeted training could address performance gaps more strategically.

**Delivery to the Firm:**

Alex excels in building strong relationships within the team by learning from shared best practices and understanding different stakeholder perspectives. His contributions have been crucial during audits, but further engagement with diverse teams might strengthen these relationships even more.

**Challenge the Status Quo:**

Alex shows a positive response to changes and works alongside his manager to enhance operational processes. While he demonstrates initiative in task management improvements, further exploration of innovative solutions could drive greater process efficiencies.

**Leverage Diverse Perspective:**

Alex actively participates in training to broaden his understanding of diverse groups and works with mentors to expand his internal network. Continued focus on leveraging firm resources for DEI initiatives will deepen his knowledge and help address unconscious biases more effectively.",2024-10-29 14:14:41.940,2024-10-29 14:14:55.870,13.930708
,,,,,,question2,"Alex consistently embodies key company values such as responsibility, accountability, and teamwork, making significant contributions to the team by maintaining a positive attitude and methodical approach even under pressure (1), (3), (11). His willingness to go the extra mile and sense of ownership in tasks enhance team dynamics and trust (2), (6), (7). Alex's reliability is evident in his consistent follow-through on tasks, adaptability to changing responsibilities, and initiative in identifying areas for improvement (4), (9), (10). His dedication to maintaining organized systems has positively impacted the team's efficiency and operations (8). While he excels in setting a standard for collaboration and service, continual focus on these strengths will further solidify his role as a key team member.","**Business Needs:**

Alex's efficiency and responsibility ensure he consistently completes assigned tasks and prepares work products effectively. His administrative input adds significant value, as he diligently owns day-to-day tasks within the workstream. An area for growth could be exploring ways to enhance strategic contributions beyond administrative duties.

**Leadership:**

Alex actively supports his manager by identifying and removing barriers, optimizing teamwork, and effectively managing recurring tasks. He is proactive in seeking feedback, accurately predicting task timelines, and communicating crucial information promptly. To further develop, Alex might focus on voicing his point of view more frequently in group settings.

**Strive to Excel:**

Alex demonstrates high responsiveness and dependability by meeting deadlines and keeping sensitive information confidential. He proactively seeks training opportunities to expand his skills and willingly takes on more responsibilities to support team efforts. Continuing to identify areas for skill enhancement will further bolster his contributions.

**Delivery to the Firm:**

By learning from shared team best practices, Alex builds strong relationships with colleagues and understands diverse stakeholder perspectives. His commitment to these relationships strengthens team cohesion. Exploring additional ways to engage with different stakeholders could enhance his impact further.

**Challenge the Status Quo:**

Alex works well with his manager to improve operational processes and responds positively to changes. This adaptability helps drive continuous improvement within the team. To build on this strength, Alex can continue exploring innovative solutions that challenge existing procedures.

**Leverage Diverse Perspectives:**

Participating in training events broadens Alexâ€™s understanding of diverse groups, supporting DEI initiatives within the firm. He collaborates with mentors to expand his internal network effectively. Further engagement in DEI resources could deepen his understanding and impact in this area even more significantly.",2024-10-29 14:14:55.870,2024-10-29 14:15:16.893,21.022571
,,,,,,question3,"Alex has shown potential in his role but could enhance his effectiveness by addressing several areas of improvement. Key feedback suggests he should deepen his understanding of project management software (1, 11) and advance his skills in using tools like Excel or Google Sheets (4). Improving task prioritization (5, 8) and delegation skills (2) would enable him to manage workloads more efficiently, allowing focus on high-priority tasks. Additionally, Alex could benefit from developing resilience during peak periods to maintain quality under stress (7). Expanding his project planning abilities (3, 12), strategic thinking (9), and adaptability to new tools (10) are also recommended to align better with team objectives and support larger projects. Furthermore, enhancing his independence in handling complex tasks without frequent feedback would contribute to more autonomous work performance (6).","**Business Needs:**

Alex consistently completes assigned tasks and prepares work products efficiently, demonstrating strong administrative skills that add value to the team. While he effectively manages day-to-day responsibilities within a workstream, expanding his proficiency with project management software could enhance his support for team projects. Familiarizing himself with advanced Excel or Google Sheets features would further increase the efficiency and impact of his contributions.

**Leadership:**

Alex plays a key role in supporting teamwork by helping identify and remove barriers, while also taking ownership of recurring tasks. He proactively seeks feedback to refine his performance but could improve by delegating simpler tasks to focus on high-priority work. Enhancing task prioritization and independent working skills will help him meet deadlines more efficiently and take on more complex responsibilities.

**Strive to Excel:**

Alex is highly responsive and dependable, consistently meeting deadlines while maintaining confidentiality. He actively seeks opportunities for skill development but could benefit from mastering basic project planning methods to support team leaders better. Building resilience during peak periods will enable him to maintain quality under pressure, while strategic thinking can help align daily tasks with larger objectives.

**Delivery to the Firm:**

Alex builds strong relationships within the team and understands stakeholder needs well. By learning from best practices, he contributes positively but could further enhance his role by improving database management skills. Working independently on complex tasks without frequent feedback will bolster his ability to deliver high-quality results consistently.

**Challenge the Status Quo:**

Alex responds positively to changes and collaborates with managers to refine operational processes effectively. To further excel in this area, developing strategic thinking skills will empower him to align daily activities with broader organizational goals.

**Leverage Diverse Perspectives:**

Alex actively participates in training events and works with mentors to broaden his internal network. Engaging with DEI resources will help address unconscious bias, enhancing both personal growth and team dynamics. Increasing adaptability in adopting new tools quickly will further strengthen his support capabilities across diverse scenarios.",2024-10-29 14:15:16.893,2024-10-29 14:15:34.802,17.909098
,,,,,,question4,"Alex's feedback highlights several key areas for development and strengths that will aid his professional growth. Building confidence and improving communication skills are recurring themes, with an emphasis on asserting himself more in team settings and meetings to contribute visibly (1), (4), (8). Time management and prioritization are critical areas for Alex to focus on, enabling him to handle larger projects independently (2), (7), (9). Developing project management skills and strategic thinking will prepare him for advanced responsibilities, allowing him to understand the broader impact of his tasks (3), (5), (9). Enhancing initiative and decision-making abilities is also crucial for taking on greater responsibilities in the future (6). Additionally, Alex is encouraged to improve his critical thinking skills to manage complex tasks independently, which will be vital for career advancement (10). Building expertise in data management and analysis is recommended as it will enhance his career trajectory significantly (11). Finally, developing project planning capabilities will provide a strong foundation for independent task management and future progression (12).","### Business Needs:
Alex consistently completes assigned tasks and prepares work products, adding value through administrative support. His ownership of day-to-day tasks within a workstream is commendable, but developing basic project management skills will enhance his ability to handle larger projects independently. Improving time management and prioritization will further enable him to align with business needs more effectively.

### Leadership:
Alex assists in identifying and removing barriers for effective teamwork, but he should focus on building confidence in team settings to contribute more visibly. Strengthening communication skills is crucial for voicing his point of view and avoiding surprises through proactive communication. By acting as a self-reviewer and seeking feedback, he can improve performance and meet deadlines consistently.

### Strive to Excel:
Alex demonstrates responsiveness and dependability, meeting deadlines and maintaining confidentiality. To excel further, he should seek training opportunities that expand skills beyond his comfort zone, enhancing strategic thinking in alignment with firm policies. Proactively taking on more responsibilities will support broader team efforts and personal growth.

### Delivery to the Firm:
Alex learns from shared best practices and builds strong team relationships by understanding stakeholder perspectives. Enhancing his critical thinking skills will prepare him for handling more complex tasks independently. Developing expertise in data management will also support his career trajectory within the firm.

### Challenge the Status Quo:
Alex responds positively to changes and collaborates with managers to improve operational processes. Building confidence during meetings will enable him to share insights actively, fostering innovation. Developing stronger strategic thinking skills will position him better for future roles requiring independent decision-making.

### Leverage Diverse Perspective:
By working with managers and mentors to expand his network, Alex engages in training that broadens his understanding of diverse groups. Participation in DEI initiatives can enhance awareness of unconscious bias. Strengthening assertiveness in communication will aid Alex as he prepares for advanced responsibilities requiring a diverse perspective approach.",2024-10-29 14:15:34.803,2024-10-29 14:15:47.236,12.433156
Jane Doe,Level 4,Analyst,IR,Saqib,101.0,question1,"Jane's feedback highlights her exceptional dedication and strategic mindset, leading to significant achievements such as a 20% increase in sales and heightened client satisfaction (1), (2). Her strong analytical skills, attention to detail, and innovative problem-solving have been instrumental in consistently exceeding sales targets and contributing to the firm's market presence (1), (4). Jane's leadership abilities were crucial in guiding her team through challenges, aligning efforts with organizational goals, and securing major clients through her interpersonal skills (2), (3). However, while her strengths are evident in her work ethic and creative strategies, specific areas for improvement were not mentioned in the feedback. Overall, Jane's contributions emphasize her ability to deliver tangible results and foster strong relationships.","**Leadership:**

Jane excels in leadership by independently prioritizing multiple tasks and proactively learning new skills. Her ability to communicate effectively is evident in her clear, concise presentations and written communications. She takes responsibility for her development and supports her team through mentorship and guidance, though she could further enhance her self-review process for even greater accuracy.

**Business Needs:**

Jane consistently prepares high-quality work products and acts as a reliable peer reviewer. She demonstrates insightful contributions that add technical value, while effectively managing day-to-day tasks within her workstream. Her decision-making skills are developing well, but she might focus on expanding her role in strategic decision-making to increase impact.

**Strive to Excel:**

Jane's analytical prowess enables her to efficiently synthesize large data sets, driving accuracy under tight deadlines. She collaborates with management to refine goals and expand expertise, often seeking additional responsibilities. To further excel, Jane could deepen specialization in a particular area to enhance her technical expertise.

**Challenge the Status Quo:**

Utilizing her experience, Jane identifies root causes of problems and suggests innovative solutions. Her contributions have led to improved processes and systems within the firm. Continuing to challenge existing practices will further amplify her role as a change agent.

**Delivery to the Firm:**

Jane effectively gathers stakeholder feedback, integrating it into her work for optimal results. By leveraging personal networks, she collaborates across teams, enhancing project outcomes. Expanding this network could offer even more opportunities for cross-functional collaboration.

**Leverage Diverse Perspective:**

Proactively engaging with diverse perspectives, Jane broadens her understanding of internal and external stakeholder needs. She actively expands diversity of thought by soliciting varied viewpoints. Further development could involve more structured approaches to incorporating these insights into broader team strategies.",2024-10-29 14:15:48.310,2024-10-29 14:16:06.811,18.500957
,,,,,,question2,"Jane is a proactive and dedicated team member who consistently seeks additional responsibilities to enhance her skills, inspiring her teammates in the process (1). Her commitment to personal and professional growth is evident through her active pursuit of feedback, which fosters a culture of continuous improvement (2). Jane's strong work ethic is reflected in her efforts to go above and beyond for both her team and clients, significantly boosting team morale and client satisfaction (3). Her drive for excellence sets high standards, encouraging colleagues to achieve their goals and overcome challenges, thereby cultivating a collaborative and successful environment (4).","**Leadership:**

Jane exhibits strong leadership by effectively prioritizing tasks and independently pursuing new skills. Her proactive communication in small group settings demonstrates her ability to articulate ideas clearly and support team efforts. An area for growth is enhancing her mentorship abilities by sharing knowledge more frequently with peers.

**Business Needs:**

In her role, Jane consistently prepares high-quality work products and contributes valuable insights, showcasing her technical proficiency. She has begun making decisions on assigned tasks, indicating growing confidence in her responsibilities. To further develop, she could expand decision-making capabilities across broader workstreams.

**Strive to Excel:**

Jane excels in data analysis, synthesizing information efficiently to meet deadlines and parameters. Her dedication to expanding networks with managerial guidance enhances her expertise in specialized areas. To further excel, she might explore additional areas for personal growth beyond her current specialization.

**Challenge the Status Quo:**

Jane effectively identifies root causes of issues and suggests improvements, showing a forward-thinking mindset. Her contributions to developing new processes are valuable; however, she could further enhance this skill by engaging more deeply in cross-functional innovation initiatives.

**Delivery to the Firm:**

By gathering stakeholder feedback effectively, Jane ensures that her work aligns with broader objectives. She actively seeks opportunities to broaden her internal network, which aids collaboration across teams. Continuing to leverage these networks can further enhance cross-team support and project outcomes.

**Leverage Diverse Perspective:**

Jane proactively incorporates diverse perspectives into her work, enriching team discussions with varied insights. Her initiative in expanding thought diversity is commendable; however, she could focus on further leveraging external networks for even broader collaborative opportunities within projects.",2024-10-29 14:16:06.811,2024-10-29 14:16:16.728,9.916837
,,,,,,question3,"Jane has shown potential in various areas but can enhance her contributions by focusing on specific skills and development opportunities. Building confidence in her decision-making will empower her to take on leadership roles in complex projects, allowing her to present ideas and engage in strategic discussions effectively (1). Improving her public speaking skills is crucial, as it will enable her to communicate insights and recommendations more effectively to stakeholders, amplifying her organizational impact. Participating in workshops or speaking clubs is recommended (2). Strengthening technical skills, particularly in data analysis and reporting, will allow Jane to provide more comprehensive support to her team, thereby boosting overall team performance (3). By developing these skills, Jane can confidently share insights in meetings, facilitating better collaboration and decision-making among peers (4).","**Leadership:**

Jane demonstrates a strong ability to work independently, effectively prioritizing multiple tasks while proactively seeking learning opportunities. She consistently prepares clear and concise communications and actively shares knowledge with peers, offering mentorship where needed. To further enhance her leadership capabilities, Jane should build confidence in her decision-making abilities and embrace more opportunities to present her ideas in group settings.

**Business Needs:**

Jane effectively manages day-to-day tasks within her workstream, contributing valuable insights and demonstrating technical expertise. Her impact is noted through her operational contributions and reviewer input. Focusing on decision-making will enable Jane to take greater ownership of assigned work, enhancing both personal growth and team efficiency.

**Strive to Excel:**

Jane excels in analyzing and presenting large data sets accurately, meeting deadlines with efficiency. She collaborates with her manager to expand networks, aiming to deepen her specialization expertise. By proactively seeking additional responsibilities beyond her comfort zone, Jane can further support team efforts and broaden her skill set.

**Challenge the Status Quo:**

Jane leverages her experience to identify root causes of problems and recommend solutions, contributing significantly to process improvements. Her ability to draw from past experiences enhances future work products. Continued focus on innovative thinking will strengthen her capacity for developing new or improved systems.

**Delivery to the Firm:**

Jane gathers stakeholder feedback effectively, incorporating it into her work product for enhanced outcomes. She is keen on expanding her internal network, which aids cross-team collaboration. By leveraging these connections further, Jane can support broader organizational efforts more robustly.

**Leverage Diverse Perspective:**

Jane actively seeks diverse perspectives from a wide range of stakeholders, enriching collaboration across teams. She takes deliberate steps to diversify thought processes personally and professionally. Building on this strength will empower Jane to drive inclusive decision-making processes within the organization.",2024-10-29 14:16:16.728,2024-10-29 14:16:36.735,20.007298
,,,,,,question4,"Jane's feedback highlights key areas for her professional development, emphasizing the importance of strengthening networking skills to gain diverse insights and enhance her contributions (1). Her focus on strategic thinking is crucial for aligning her team with long-term goals and preparing for leadership roles (2, 4). Building leadership capabilities is also essential, empowering her to guide colleagues effectively and positively influence team dynamics (3). Overall, developing these skills will position Jane well for future growth and increased responsibilities within the organization.","**Leadership:**
Jane excels at independently managing and prioritizing tasks, showcasing her proactive learning attitude and effective communication skills. She demonstrates responsibility for her development by seeking opportunities to present ideas and engage in group discussions. To further enhance her leadership capabilities, Jane could focus on expanding her mentorship and knowledge-sharing efforts.

**Business Needs:**
Jane consistently prepares accurate work products and contributes insightful input to technical operations, highlighting her ability to make informed decisions within her workstream. Her dedication to owning day-to-day tasks adds significant value. Strengthening decision-making confidence will enable Jane to enhance her contributions further.

**Strive to Excel:**
Jane adeptly analyzes and presents data efficiently, meeting deadlines with precision. She collaborates with managers to expand networks, building technical expertise in specialized areas. By proactively taking on additional responsibilities, Jane continues to stretch beyond her comfort zone; however, revisiting goals regularly will ensure alignment with evolving priorities.

**Challenge the Status Quo:**
Jane leverages experience to identify root causes of issues and suggests innovative solutions, contributing significantly to process improvements. Her ability to apply past learnings enhances future work quality. Focusing more on strategic thinking will better position Jane for leadership roles by aligning team efforts with long-term objectives.

**Delivery to the Firm:**
Jane effectively incorporates feedback from stakeholders into her work products, demonstrating a collaborative approach. She actively seeks opportunities to expand her internal network, which aids cross-team collaboration. Continuing this effort will strengthen Jane's influence across departments.

**Leverage Diverse Perspective:**
Jane proactively engages diverse perspectives from a range of stakeholders, enriching her contributions with varied insights. By expanding diversity of thought for herself and leveraging networks for collaboration, she enhances team dynamics. Further strengthening networking skills across departments will allow Jane to gain even broader insights.",2024-10-29 14:16:36.735,2024-10-29 14:16:48.153,11.417599
